Year,Artist,Song,Peak_Pos_That_Year,Full_Release_Year,Lyrics
1990,Alannah Myles,Black Velvet,1,1990-01-03,"Mississippi in the middle of a dry spell | Jimmie Rodgers on the Victrola up high | Mama's dancin' with baby on her shoulder | The sun is settin' like molasses in the sky |  | The boy could sing, knew how to move, everything | Always wanting more, he'd leave you longing for |  | Black velvet and that little boy's smile | Black velvet with that slow southern style | A new religion that'll bring ya to your knees | Black velvet if you please |  | Up in Memphis, the music's like a heatwave | White lightning, bound to drive you wild | Mama's baby's in the heart of every schoolgirl | ""Love Me Tender"" leaves 'em cryin' in the aisle |  | The way he moved, it was a sin, so sweet and true | Always wanting more, he'd leave you longing for |  | Black velvet and that little boy's smile | Black velvet with that slow southern style | A new religion that'll bring ya to your knees | Black velvet if you please |  | Every word of every song that he sang was for you | In a flash, he was gone, it happened so soon | What could you do? |  |  | Black velvet and that little boy's smile | Black velvet with that slow southern style | A new religion that'll bring ya to your knees | Black velvet if you please | Black velvet and that little boy's smile | Black velvet with that slow southern style | A new religion that'll bring ya to your knees | Black velvet if you please |  | If you please | If you please | If you please"
1990,George Michael,Praying For Time,1,1990-08-29,"These are the days of the open hand | They will not be the last | Look around now | These are the days of the beggars and the choosers | This is the year of the hungry man | Whose place is in the past | Hand in hand | With ignorance and legitimate excuses |  | The rich declare themselves poor | And most of us are not sure | If we have too much, but we'll take our chances | 'Cause God's stopped keeping score | I guess somewhere along the way | He must have let us all out to play | Turned his back, and all God's children | Crept out the back door |  | And it's hard to love | There's so much to hate | Hanging on to hope | When there is no hope to speak of | And the wounded skies above | Say it's much, much too late | Well, maybe we should all be praying for time |  | These are the days of the empty hand | Oh, you hold on to what you can | And charity | Is a coat you wear twice a year | This is the year of the guilty man | Your television takes a stand | And you find | That what was over there is over here |  | So you scream from behind your door | Say, ""What's mine is mine and not yours | I may have too much, but I'll take my chances | 'Cause God's stopped keeping score"" | And you cling to the things they sold you | Did you cover your eyes when they told you | That He can't come back | 'Cause He has no children to come back for? |  | It's hard to love | There's so much to hate | Hanging on to hope | When there is no hope to speak of | And the wounded skies above | Say it's much too late | So maybe we should all be praying for time"
1990,Glenn Medeiros Featuring Bobby Brown,She Ain't Worth It,1,1990-05-16,"Better make tracks fast on the double | The girl's jazzy, but she's nothing but trouble! |  | Take her where she wants to go | And every day you let her know | She's the one who's always on your mind | But she just got some attitude | Leads you on then leaves you blue | Can't you see she's really just a waste, of, time? |  | One day she'll treat you nice | Then she'll turn as cold as ice | But you think your love will win her in the end | Think again! |  | She ain't worth it, girl ain't worth it | All this grief that she's been putting you through (Ooh) | She ain't worth it, girl ain't worth it | Believe me (I know) | I know better than (Better than) | Better than (Bet-bet-better than you) |  | She gets you hot then leaves you cold | Keeps you waiting on the phone | 'Cause she know you'll always give her one, more, try | You're not the only boy in town | And she loves playing to the crowd | But tell me do you really like standing in line? |  | Give her everything you have | And all she does is make you sad | What she really wants to do is tell her friends | She did it again! |  | She ain't worth it, girl ain't worth it | All this grief that she's been putting you through (Ooh) | She ain't worth it, the girl ain't worth it | Believe me (I know) | I know better than (Better than) | Better than (Bet-bet-better than you) |  | I'd like to say | She used to be my girl | But that would be a lie (That would be a lie!) | 'Cause there's no one in this whole wide world | That could keep her satisfied | I know, 'cause I tried (Yo man) |  | One thing I hate is when a girl plays fake | And tries to make me late for another date | 'Cause I've tried to make you mine for the last time | So take this here as a diss and a goodbye | She ain't worth it even though she's on the high tip | She better get a grip, and get a grip quick | Fast in a hurry, 'cause I won't buckle | The girl's jazzy, but she's nothing but trouble! |  | Give her everything you have | And all she does is make you sad | What she really wants to do is tell her friends | She did it again! |  | She ain't worth it, girl ain't worth it | All this grief that she's been putting you through (Ooh) | She ain't worth it, the girl ain't worth it | Believe me (I know) | I know better than (Better than) | Better than (Bet-bet-better than you) | She ain't worth it, girl ain't worth it | All this grief that she's been putting you through (Ooh) | She ain't worth it, the girl ain't worth it (She's nothing but trouble) | Believe me (I know) | I know better than (Better than) | Better than (Bet-bet-better than you) |  | She ain't worth it, the girl ain't worth it | All this grief that she's been putting you (Putting you) | Putting you (Ooh) putting you through! | She ain't worth it, the girl ain't worth it (She's nothing but trouble) | Believe me (I know) | I know better than (Better than) | Better than (Bet-bet-better than you)"
1990,James Ingram,I Don't Have The Heart,1,1990-08-01,"Your face is beaming | You say it's 'cause you're dreaming | Of how good it's going to be | You say you've been around | And now you've finally found | Everything you wanted and needed in me |  | I don't have the heart | To hurt you | It's the last thing I wanna do | But I don't have the heart | To love you | Not the way you want me to |  | Inside I'm dying | To see you crying | How can I make you understand? | I care about you | So much about you, baby! | I'm trying to say this as gently as I can |  | 'Cause I don't have the heart | To hurt you | It's the last thing I wanna do | But I don't have the heart | To love you | Not the way you want me to |  | You're so trusting | And open | Hoping that love will start | But I don't have the heart | Oh, no! | I don't have the heart |  | I don't have the heart | To hurt you | It's the last thing I wanna do | But I don't have the heart | To love you | Not the way that you want me to |  | I don't have the heart | Ooh! | Baby, I don't have the heart! | I don't have the heart | I don't have the heart | Ooh! Ooh! | Baby, I don't have the heart! | I don't have the heart | I don't have the heart | I don't have the heart | I don't have the heart"
1990,Janet Jackson,Black Cat,1,1990-09-12,"All the lonely nights, I spend alone | Never 'round to love me, you're always gone | 'Cause you're hanging out, breaking the rules | Oh, the man has come lookin' for you | (You're a rebel now) |  Don't give a damn | (Always carrying on) |  With the gang | (I'm tryin' to tell you, boy) |  It's a mistake | (You won't realize) |  'Til it's too late |  | Don't understand why you insist | On ways of living such a dangerous life | Time after time, you stay away | And I just know that you're telling me lies |  | Black cat, nine lives, short days, long nights | Livin' on the edge, not afraid to die | Heartbeat, real strong, but not for long | Better watch your step or you're gonna die |  | You're so together, boy, but just at a glance | You'll do anything if given a chance | Scheming, planning lies to get what you need | So full of promises that you never keep | (Don't you tell yourself) |  That it's okay | (Sick and tired of) |  All of your games | (And you want me to stay) |  Ah, better change | (Makes no sense to me) |  Your crazy ways |  | Don't understand why you insist | On ways of living such a dangerous life | Time after time, you stay away | And I just know that you're telling me lies |  | Not afraid to die-ie, guitar |  |  | Black cat |  | Black cat | Man, I don't understand your ways | Livin' on the edge |  | Don't understand why you insist | On ways of living such a dangerous life | Time after time, you stay away | And I just know that you're telling me lies |  | Fellas | Black cat, nine lives, short days, long nights (Ah) | Livin' on the edge, not afraid to die |  (Talkin' 'bout the man) | Heartbeat, real strong, but not for long | Better watch your step or you're gonna die | Sing it up | Black cat, nine lives, short days, long nights |  (Yeah, yeah) | Livin' on the edge, not afraid to die |  (Come on and don't, don't you die) | Heartbeat, real strong, but not for long | Better watch your step or you're gonna die |  | Black cat | Livin' on the | Heartbeat | Better watch your step"
1990,Janet Jackson,Escapade,1,1990-01-17,"As I was walkin' by, saw you standin' there with a smile | Lookin' shy you caught my eye | Thought you'd want to hang for a while | Well, I'd like to be with you | And you know it's Friday, too | I hope you can find the time this weekend | To relax and unwind |  | My mind's tired, I've worked so hard all week (Ooh, all week) | I cashed my check, I'm ready to go | I promise you, I'll show you such a good time |  | Come on, baby, let's get away | Let's save our troubles for another day | Come go with me, we've got it made | Let me take you on an escapade | Let's go |  | ( | Escapade | ) We'll have a good time | ( | Escapade | ) Leave your worries behind | ( | Escapade | ) Well, you can be mine | ( | Escapade | ) An escapade |  | So don't hold back, just have a good time, yeah, yeah | We'll make the rules up as we go along | And break them all if we're not havin' fun |  | Come on, baby, let's get away (Ooh, ooh, ooh) | Let's save our troubles for another day (Ooh, ooh, ooh) | Come go with me, we've got it made (Ooh, ooh, ooh) | Let me take you on an escapade (On an escapade, baby) | Come on, baby, let's get away (Ooh, ooh, ooh) | Let's save our troubles for another day (Ooh, ooh, ooh) | Come go with me, we've got it made (Ooh, ooh, ooh) | Let me take you on an escapade | Let's go |  | Minneapolis! | Come on, now! |  | ( | Escapade | ) We'll have a good time | ( | Escapade | ) Leave your worries behind | ( | Escapade | ) Well, you can be mine | ( | Escapade | ) An escapade |  | My mind's tired, worked so hard (Ooh, ooh) | Worked so hard all week (Ooh, all week) | I just got paid, I've got it made, ready to go | I promise you, I'll show you such a good time |  | Come on, baby, let's get away (Baby, come on now) | Let's save our troubles for another day (Save it for another day) | Come go with me, we've got it made (Baby, come on, yeah) | Let me take you on an escapade (On an escapade, baby) | Take the escapade | Come on, baby, let's get away (Woo! Baby, come on now) | Let's save our troubles for another day (Save it for another day) | Come go with me, we've got it made (Go escapade) | Let me take you on an escapade | Let's go | Come on, baby, let's get away (Escapade, ooh) | Let's save our troubles for another day (Escapade, ooh) | Come go with me, we've got it made (Escapade, ooh) | Let me take you on an escapade (Escapade, ooh) | On an escapade, baby"
1990,Jon Bon Jovi,"Blaze Of Glory (From ""Young Guns II"")",1,1990-07-18,"I wake up in the morning and I raise my weary head | I've got an old coat for a pillow, and the earth was last night's bed | I don't know where I'm goin', only God knows where I've been | I'm a devil on the run, a six gun lover, a candle in the wind | Yeah |  | When you're brought into this world, they say you're born in sin | Well, at least they gave me somethin', I didn't have to steal or have to win | Well, they tell me that I'm wanted, yeah, I'm a wanted man | I'm a colt in your stable, I'm what Cain was to Abel, Mr. Catch-Me-If-You-Can |  | I'm goin' down in a blaze of glory | Take me now but know the truth | I'm goin' out in a blaze of glory | And, Lord, I never drew first, but I drew first blood | I'm no one's son, call me young gun |  | You ask about my conscience and I offer you my soul | You ask If I'll grow to be a wise man, well I ask if I'll grow old | You ask me if I've known love and what it's like to sing songs in the rain | Well, I've seen love come, I've seen it shot down, I've seen it die in vain |  | Shot down in a blaze of glory | Take me now but know the truth | 'Cause I'm goin' out in a blaze of glory | Lord, I never drew first but I drew first blood | I'm the devil's son, call me young gun |  |  | Each night I go to bed, I pray the Lord my soul to keep | No, I ain't lookin' for forgiveness, but before I'm six foot deep | Lord, I gotta ask a favor, and I hope you'll understand | 'Cause I've lived life to the fullest, let this boy die like a man | Starin' down a bullet, let me make my final stand |  | Shot down in a blaze of glory | Take me now but know the truth | I'm goin' out in a blaze of glory | Lord, I never drew first but I drew first blood | And I'm no one's son, call me young gun | I'm a young gun | Young gun | Young gun"
1990,Madonna,Vogue,1,1990-04-11,"Strike a pose | Strike a pose | Vogue (Vogue, vogue) | Vogue (Vogue, vogue) |  | Look around, everywhere you turn is heartache | It's everywhere that you go (Look around) | You try everything you can to escape | The pain of life that you know (Life that you know) | When all else fails and you long to be | Something better than you are today | I know a place where you can get away | It's called a dance floor, and here's what it's for, so |  | Come on, vogue (Vogue) | Let your body move to the music (Move to the music) | Hey, hey, hey | Come on, vogue (Vogue) | Let your body go with the flow (Go with the flow) | You know you can do it |  | All you need is your own imagination | So use it, that's what it's for (That's what it's for) | Go inside for your finest inspiration | Your dreams will open the door (Open up the door) | It makes no difference if you're black or white | If you're a boy or a girl | If the music's pumping, it will give you new life | You're a superstar, yes, that's what you are, you know it |  | Come on, vogue (Vogue) | Let your body groove to the music (Groove to the music) | Hey, hey, hey | Come on, vogue (Vogue, vogue) | Let your body go with the flow (Go with the flow) | You know you can do it |  | Beauty's where you find it | Not just where you bump and grind it | Soul is in the musical | That's where I feel so beautiful | Magical, life's a ball, so | Get up on the dance floor |  | Vogue (Vogue, vogue) | Let your body move to the music (Move to the music) | Hey, hey, hey | Come on, vogue (Vogue, vogue) | Let your body go with the flow (Go with the flow) | You know you can do it |  | Vogue (Vogue) | Beauty's where you find it (Move to the music) | Vogue (Vogue) | Beauty's where you find it (Go with the flow) |  | Greta Garbo and Monroe | Dietrich and DiMaggio | Marlon Brando, Jimmy Dean | On the cover of a magazine | Grace Kelly, Harlow, Jean | Picture of a beauty queen | Gene Kelly, Fred Astaire | Ginger Rogers dance on air | They had style, they had grace | Rita Hayworth gave good face | Lauren, Katharine, Lana too | Bette Davis, we love you | Ladies with an attitude | Fellas that were in the mood | Don't just stand there, let's get to it | Strike a pose, there's nothing to it | Vogue | Vogue |  | Ooh, you've got to | Let your body move to the music | Ooh, you've got to just | Let your body go with the flow | Ooh, you've got to | Vogue"
1990,Mariah Carey,Love Takes Time,1,1990-09-12,I had it all | But I let it slip away | Couldn't see I treated you wrong | Now I wander around | Feeling down and cold | Trying to believe that you're gone |  | Love takes time | To heal when you're hurting so much | Couldn't see that I was blind | To let you go | I can't escape the pain | Inside | 'Cause love takes time | I don't wanna be here | I don't wanna be here alone |  | Losing my mind | From this hollow in my heart | Suddenly I'm so incomplete | Lord I'm need you now | Tell me how to stop the rain | Tears are falling down endlessly |  | Love takes time | To heal when you're hurting so much | Couldn't see that I was blind | To let you go | I can't escape the pain | Inside | 'Cause love takes time | I don't wanna be here | I don't wanna be here alone |  | You might say that it's over | You might say that you don't care | You might say you don't miss me | You don't need me | But I know that you do and I feel that you do | Inside |  | Love takes time | To heal when you're hurting so much | Couldn't see that I was so blind | To let you go | I can't escape the pain | Inside | 'Cause love takes time | I don't wanna be there | I don't wanna be there alone
1990,Mariah Carey,Vision Of Love,1,1990-05-30,"Treated me kind | Sweet destiny | Carried me through desperation | To the one that was waiting for me | It took so long | Still I believed | Somehow the one that I needed | Would find me eventually |  | I had a vision of love | And it was all that you've given to me |  | Prayed through the nights | Felt so alone | Suffered from alienation | Carried the weight on my own | Had to be strong | So I believed | And now I know I've succeeded | In finding the place I conceived |  | I had a vision of love | And it was all that you've given to me | I had a vision of love | And it was all that you've given me |  | I've realized the dream | And I visualized | The love that came to be | Feel so alive | I'm so thankful that I've received | The answer that heaven has sent down to me |  | You treated me kind (Yeah) | Sweet destiny (And you know that you did; oh) | And I'll be eternally grateful | Holding you so close to me | (Prayed through the nights) Prayed through the nights | (So faithfully) So faithfully (Faithfully) | Knowing the one that I needed | Would find me eventually | (Knowing the one that I needed would find me) |  | I had a vision of love | And it was all that you've given to me | I had a vision of love | And it was all | That you turned out to be, yeah, mhm, mmm"
1990,Maxi Priest,Close To You,1,1990-06-27,"She was a Jezebel | Miss Brixton queen | Living her life like a bad sweet dream | Telling me lies when the truth was clear | I think she knew what I wanted to hear | Spinning around | Like a wheel on fire | Walking the tightrope on love's highwire | A fatal attraction is where I'm at | There's no escaping me |  | I just wanna be close to you | And do all the things you want me to | I just wanna be close to you | And show you the way I feel |  | I feel love | When I'm lying in the midnight hour | Holding you's just like a dream | Love is never what it seems | When we touch | And you're holding me the way you feel | Girl, you make my dreams come true | You make my dreams come true |  | I just wanna be close to you | And do all the things you want me to | I just wanna be close to you | And show you the way I feel |  | She was a Gemini on the cusp of Mars | She holds me back | But she goes too far | Winding me up just to let me down | So emotional | Gagged and bound | There's more to this than meets the eye | A devil woman locked inside | With the formal rising | I was scared | I think I was possesed |  | I just wanna be close to you | And do all the things you want me to | I just wanna be close to you | And show you the way I feel | I feel love | Everytime your body's next to mine | Somethin' deep inside of me | Wants to love you endlessly | When we touch | Girl, you don't know | How it makes me feel | I just can't believe it's real | I can't believe it's real! | I just wanna be close to you | And do all the things you want me to | I just wanna be close to you | And show you the way I feel |  | She had an attitude | I can't explain | You never know if you're in flame | Tying me up with elastic words | I'm on a countdown till I get hurt | Her blood was hot | She burned so bright | A neon sign there in the night | It's hard to say if I went too far | My heart still bears a scar |  | I just wanna be close to you | I just wanna be close to you | I just wanna be close to you | (She was a Jezebel | This Brixton queen | Living her life like a bad sweet dream) | Telling me lies | When the truth was clear | I think she knew what I wanted to hear | I just wanna be close to you | (Spinning around like a wheel on fire) | Walkin' the tightrope on love's highwire | A fatal attraction is where I'm at | There's no escaping me | I wanna be close to you | And do all the things you want me to | I just wanna be close to you | (I just wanna be close to you, baby) | And show you the way I feel | I just wanna be close to you | And do all the things you want me to | I just wanna be close to you | And show you the way I feel"
1990,Michael Bolton,How Am I Supposed To Live Without You,1,1990-01-03,"I could hardly believe it, when I heard the news today | I had to come and get it straight from you | They said you were leavin', someone's swept your heart away | From the look upon your face, I see it's true |  | So tell me all about it, tell me 'bout the plans you're makin' | Oh, then tell me one thing more before I go |  | Tell me, how am I supposed to live without you | Now that I've been loving you so long? | How am I supposed to live without you? | And how am I supposed to carry on | When all that I've been livin' for is gone? |  | I'm too proud for cryin', didn't come here to break down | It's just a dream of mine is coming to an end | And how can I blame you when I built my world around | The hope that one day we'd be so much more than friends? |  | I don't wanna know the price I'm gonna pay for dreaming, oh | Even now, it's more than I can take |  | Tell me, how am I supposed to live without you | Now that I've been loving you so long? | How am I supposed to live without you? | And how am I supposed to carry on | When all that I've been livin' for is gone? |  |  | Now, I don't wanna know the price I'm gonna pay for dreaming | Oh, now that your dream has come true |  | Tell me, how am I supposed to live without you | Now that I've been lovin' you so long? | How am I supposed to live without you? | And how am I supposed to carry on | When all that I've been livin' for is gone?"
1990,Nelson,(Can't Live Without Your) Love And Affection,1,1990-07-04,"(Here she comes) Mmm, just like an angel | Seems like forever that she's been on my mind | But nothing has changed | She thinks I'm a waste of her time | (There she goes) she don't know what she's missing | Can't she see I'll never give up the fight | I'll do all I can | Till she understands my desire | I've been on the outside looking in | Let me into your heart, oh | There's nothing on earth that should keep us apart | Baby | I can't live without your love and affection | I can't face another night on my own | I'd give up my pride to save me from being alone | 'Cause I can't live without your love | Mmm, your love | (So I wait) Here for an answer | And wonder if tomorrow will be like yesterday | I'll keep holding on | Can't go on living this way, baby | I've been on the outside looking in | Bring my tears to an end, oh | I realize there's no use for me to pretend | Oh yeah | I can't live without your love and affection | I can't face another night on my own | I'd give up my pride to save me from being alone | 'Cause I can't live without your love | (For your love) I'd put my arms around you | (For your love) I'd find the strength to tell you | (For your love) That I can't live without your | I can't live without your love and affection | I can't face another night on my own | I'd give up my pride to save me from being alone | Baby | I can't live without your love and affection | I just can't go on this way anymore | As hard as I try there's one thing that I know for sure | I can't live without your love | (There she goes) | I can't live without your love, baby | (There she goes) | Oh, I can't live without your love | (There she goes) | Oh, I can't live without your love"
1990,New Kids on the Block,Step By Step,1,1990-05-23,"Step by step, ooh baby | Gonna get to you, girl | Step by step, rah |  | Step by step, ooh baby | Gonna get to you, girl | Step by step, ooh baby | Really want you in my world |  | (Step) Hey girl, in your eyes | I see a picture of me all the time | (Step) Hey girl, when you smile | You got to know that you drive me wild |  | (Step by step) Ooh baby | You're always on my mind | (Step by step) Ooh girl | Really think it's just a matter of time |  | Step by step, ooh baby | Gonna get to you girl | Step by step, ooh baby | Really want you in my world |  | (Step) Hey girl, can't you see? | I've got to have you all just for me | (Step) And girl, yes, it's true | No one else will ever do |  | (Step by step) Ooh baby | You're always on my mind | (Step by step) Ooh girl | Really think it's just a matter of time |  | Step by step, ooh baby | Gonna get to you girl | Step by step, ooh baby | Really want you in my world |  | Step, step | Step, step by step | (Step one) We can have lots of fun | (Step two) There's so much we can do | (Step three) It's just you and me | (Step four) I can give you more | (Step five) Don't you know that the time has arrived? | Huh! |  | (Step by step) Don't you know I need you? | (Step by step) Yes, I do, girl | (Step by step) Ooh baby | You're always on my mind | (Step by step) Ooh girl | Really think it's just a matter of time |  | Step by step | (Step by step, girl), ooh baby | Gonna get to you girl, to you girl | Step by step, yeah, ooh baby | (I want you, I need you) | Really want you in my world | (I want you in my world) |  | (Step by step) Ooh, to you girl | (Step by step) Oh girl | Really want you in my world | Step by step, ooh baby | Gonna get to you girl | Step by step, ooh baby"
1990,Paula Abdul (Duet With The Wild Pair),Opposites Attract,1,1990-01-03,"I'm M.C. Kat on the rap, so mic it | Here's a little story and you're sure to like it | Swift and sly and I'm playin' it cool | With my homegirl, Paula Abdul |  | Baby, it seems we never ever agree | You like the movies and I like TV | I take things serious and you take 'em light | I go to bed early and I party all night | Our friends are saying we ain't gonna last | 'Cause I move slowly and baby, I'm fast | I like it quiet and I love to shout | But when we get together, it just all works out |  | I take two steps forward, I take two steps back | We come together 'cause opposites attract | And you know it ain't fiction, just a natural fact | We come together 'cause opposites attract |  | Who'd-a thought we could be lovers? | She makes the bed and he steals the covers | She likes it neat and he makes a mess | I take it easy, baby, I get obsessed | She's got the money and he's always broke | I don't like cigarettes and I like to smoke | Things in common? There just ain't a one! | But when we get together, we have nothin' but fun |  | I take two steps forward, I take two steps back | We come together 'cause opposites attract | And you know it ain't fiction, just a natural fact | We come together 'cause opposites attract | A two steps forward, a two steps back | We come together 'cause opposites attract | And you know it ain't fiction, just a natural fact | We come together 'cause opposites attract |  | You know it, baby, baby |  | Nothing in common, but this trust | I'm like a minus, she's like a plus | One going up, one coming down | But we seem to land on common ground | When things go wrong we make corrections | To keep things moving in the right direction | Try to fight it, but I'm telling you Jack | It's useless, opposites attract |  | Baby, ain't it something how we lasted this long? | You and me proving everyone wrong (na-na-na-na) | Don't think we'll ever get our differences patched (huh) | Don't really matter 'cause we're perfectly matched |  | I take two steps forward, I'll take two steps back | We come together 'cause opposites attract | And you know it ain't fiction, just a natural fact | We come together 'cause opposites attract | A-two steps forward, a-two steps back | We come together 'cause opposites attract | And you know it ain't fiction, just a natural fact | We come together 'cause opposites attract |  | Two steps forward, two steps back | Two steps back | We come together 'cause opposites, opposites attract | It ain't fiction, you know it's a fact | It's a fact | We come together 'cause opposites, opposites | Two steps forward, two steps back | A-two steps back | Opposites attract | We go together, we go together | Two steps forward, two steps back | A-two steps back"
1990,Phil Collins,Another Day In Paradise,1,1990-01-03,"She calls out to the man on the street | ""Sir, can you help me? | It's cold and I've nowhere to sleep | Is there somewhere you can tell me?"" | He walks on, doesn't look back | He pretends he can't hear her | Starts to whistle as he crosses the street | Seems embarrassed to be there |  | Oh, think twice | 'Cause it's another day | For you and me in paradise | Oh, think twice | 'Cause it's another day for you | You and me in paradise |  | Think about it |  | She calls out to the man on the street | He can see she's been crying | She's got blisters on the soles of her feet | She can't walk, but she's trying |  | Oh, think twice | 'Cause it's another day | For you and me in paradise | Oh, think twice | It's just another day for you | You and me in paradise |  | Just think about it |  | Oh, Lord | Is there nothing more anybody can do? | Oh, Lord | There must be something You can say |  | You can tell from the lines on her face | You can see that she's been there | Probably been moved on from every place | 'Cause she didn't fit in there |  | Oh, think twice | 'Cause it's another day | For you and me in paradise | Oh, think twice | It's just another day for you | You and me in paradise |  | Just think about it | Mhm, think about it | It's just another day | For you and me in paradise | It's just another day | For you and me in paradise (Para—, paradise) | Paradise (It's just another day for you and me) | Uh, just think about it (In paradise) | Paradise (It's just another day for you and me) | Just think about it (In paradise, para—, paradise) | It's just in paradise (It's just another day for you and me) | Mhm, paradise (In paradise) | Paradise, just another day (It's just another day for you and me) | Think about it (In paradise, para—, paradise)"
1990,Roxette,"It Must Have Been Love (From ""Pretty Woman"")",1,1990-04-04,"It must have been love | But it's over now |  | Lay a whisper | On my pillow | Leave the winter | On the ground | I wake up lonely | This air of silence | In the bedroom | And all around (All around) |  | Touch me now | I close my eyes | And dream away |  | It must have been love | But it's over now | It must have been good | But I lost it somehow | It must have been love | But it's over now | From the moment we touched | 'Til the time had run out |  | Make believing | We're together | That I'm sheltered | By your heart | But in and outside | I turn to water | Like a teardrop | In your palm |  | And it's a hard | Winter's day | I dream away |  | It must have been love (Must have been love) | But it's over now (But it's over now) | It was all that I wanted | Now I'm living without | It must have been love (Must have been love) | But it's over now (It's over now) | It's where the water flows | It's where the wind blows |  |  | It must have been love (Must have been love) | But it's over now (But it's over now) | It must have been good | But I lost it somehow | It must have been love (Must have been love) | But it's over now (But it's over now) | From the moment we touched | Till the time had run out | Yeah, it must have been love (Must have been love) | But it's over now (But it's over now) | It was all that I wanted | Now I'm living without | It must have been love | But it's over now | It's where the water flows | It's where the wind blows | Oh, oh, oh |  | (It must have been love) | (But it's over now, but it's over now) | Now, ooh, ooh | (Must have been love) | (It must have been love) | (But it's over now, but it's over now) | Now, ooh, ooh"
1990,Sinead O'Connor,Nothing Compares 2 U,1,1990-03-14,"It's been seven hours and fifteen days | Since you took your love away | I go out every night and sleep all day | Since you took your love away | Since you've been gone I can do whatever I want | I can see whomever I choose | I can eat my dinner in a fancy restaurant | But nothing, I said, nothing can take away these blues |  | 'Cause nothing compares | Nothing compares to you |  | It's been so lonely without you here | Like a bird without a song | Nothing can stop these lonely tears from falling | Tell me, baby, where did I go wrong? | I could put my arms around every boy I see | But they'd only remind me of you | I went to the doctor and guess what he told me, guess what he told me | He said, ""Girl, you better try to have fun no matter what you do,"" but he's a fool |  | 'Cause nothing compares | Nothing compares to you |  |  | All the flowers that you planted, mama, in the backyard | All died when you went away | I know that living with you, baby, was sometimes hard | But I'm willing to give it another try |  | Nothing compares | Nothing compares to you | Nothing compares | Nothing compares to you | Nothing compares | Nothing compares to you"
1990,Stevie B,Because I Love You (The Postman Song),1,1990-10-03,"I got your letter from the postman just the other day | So I decided to write you this song | Just to let you know exactly the way I feel | To let you know my love's for real |  | Because I love you, I'll do anything | I'll give you my heart, my everything | Because I love you, I'll be right by your side | To be your light, to be your guide |  | If you should feel that I don't really care | And that you're starting to lose ground | Just let me reassure you that you can count on me | And that I'll always be around |  | Because I love you, my heart's an open door | Girl, won't you please come on in? | Because I love you, I'll be right by your side | To be your light, to be your guide |  |  | If you should feel that I don't really care | And that you're starting to lose ground | Just let me reassure you that you can count on me | And I will always be around |  | Because I love you, my heart's an open door | Girl, won't you please come on in? | Because I love you, I'll be right by your side | To be your light, to be your guide"
1990,Sweet Sensation,If Wishes Came True,1,1990-06-13,"All alone, silence fills my room | But in a memory, I hear you calling me | Close my eyes, and I'm there with you | Like it was yesterday, but then it fades away |  | Take me back, turn back the hands of time | When you kissed me in the warm September rain (Warm September rain) | Back before my heart was filled with pain | If only we could be in love that way again |  | If wishes came true | And all the dreams at night of love were real, I'd be holding you | If wishes came true | Then I would be that someone always special in your heart | We would still be lovers, not apart | If wishes came true |  | Now you're gone, and I'm on my own | Feeling lost inside since you said goodbye | In my dreams, I still feel your touch | Lying next to me, feeling ecstasy |  | Take me back, turn back the hands of time | When you kissed me in the warm September rain (Warm September rain) | Back before my heart was filled with pain | If only we could be in love that way again |  | If wishes came true | And all the dreams at night of love were real, I'd be holding you | If wishes came true | Then I would be that someone always special in your heart | We would still be lovers, not apart | If wishes came true |  | I love you madly | I need you badly | Give our love one more chance |  | Ow! |  | If wishes came true | And all the dreams at night of love were real, I'd be holding you | If wishes came true | Then I would be that someone always special in your heart | We would still be lovers, not apart | If wishes came true"
1990,Taylor Dayne,Love Will Lead You Back,1,1990-01-24,"Sayin' goodbye is never an easy thing | But you never said that you'd stay forever | So if you must go, well, darlin', I'll set you free | But I know in time that we'll be together |  | I won't try to stop you now from leaving | 'Cause in my heart, I know |  | Love will lead you back | Someday, I just know that | Love will lead you back to my arms | Where you belong | I'm sure, sure as stars are shining | One day, you will find me again | It won't be long | One of these days, our love will lead you back |  | One of these nights, well, I'll hear your voice again | You're gonna say a-how much you miss me | You'll walk out this door, but someday you'll walk back in | But darlin', I know, I know this will be |  | Sometimes it takes some time out on your own now | To find your way back home |  | Love will lead you back | Someday, I just know that | Love will lead you back to my arms | Where you belong | I'm sure, sure as stars are shining | One day, you will find me again | It won't be long | One of these days, our love will lead you back, oh |  |  | But I won't try to stop you now from leavin' | 'Cause in my heart, I know, oh, yeah |  | Love will lead you back | Someday, I just know that | Love will lead you back to my arms | Where you belong | I'm sure, sure as stars are shining | One day, you will find me again | It won't be long | One of these days, our love will lead you back, oh, yeah | Love will lead you back | Someday, I just know that | Love will lead you back to my arms | It won't be long | One of these days, our love will lead you back, oh"
1990,Tommy Page,I'll Be Your Everything,1,1990-02-14,"So long that I've waited for a girl | To come into my life and in my world | I can't explain my feelings for you | I guess you're just all my dreams come true |  | And I'll be your lover (Your lover) | And I'll be your best friend (Oh, I'll be your friend) | I'll be there when you're needing me (When you need me) | I'll be your everything, your everything |  | I'll be your everything | I'll be all that you want and all that you need | I'll be your everything | I'll give you all that I have, my love, my life and me | I'll be your everything |  | Now that we're together at last | We shouldn't think about our problems in the past | 'Cause true love takes a miracle to find | I guess that I've been blessed 'cause I've got you by my side |  | And I'll be your lover (Your lover) | And I'll be your best friend (Oh, I'll be your friend) | I'll be there when you're needing me (When you need me) | I'll be your everything, your everything |  | I'll be your everything | I'll give you all that I have, my love, my life and me | I'll be your everything |  | When you're lost and you're down and you're seeing darkness | And there's no one there that can be found | Just turn around, I'll be there holding out my arms for you | Just reach for me, I'll be the one to set you free |  | I'll be your everything | (I'll lift you up when you're feeling down | I'll make your whole world turn around) | I'll be all that you want and all that you need | (I'll give my heart and soul to you | To let you know this love is true) | I'll be your everything | (I'll lift you up when you're feeling down | I'll make your whole world turn around) | I'll give you all that I have, my love, my life and me | (I'll give my heart and soul to you | To let you know this love is true) | I'll be your everything |  | Ooh, ooh, I'll be your everything"
1990,Vanilla Ice,Ice Ice Baby,1,1990-09-05,"Yo, VIP, let's kick it |  | Ice, ice, baby | Ice, ice, baby |  | All right, stop, collaborate and listen | Ice is back with my brand new invention | Something grabs ahold of me tightly | Flow like a harpoon daily and nightly | ""Will it ever stop?"" Yo, I don't know | Turn off the lights, and I'll glow | To the extreme, I rock a mic like a vandal | Light up a stage and wax a chump like a candle | Dance, go rush the speaker that booms | I'm killing your brain like a poisonous mushroom | Deadly, when I play a dope melody | Anything less than the best is a felony | Love it or leave it, you better gangway | You better hit bullseye, the kid don't play | If there was a problem, yo, I'll solve it | Check out the hook while my DJ revolves it |  | Ice, ice, baby | Vanilla Ice, ice, baby | Vanilla Ice, ice, baby | Vanilla Ice, ice, baby |  | Now that the party is jumpin' | With the bass kicked in and the Vegas are pumpin' | Quick to the point, to the point, no fakin' | Cookin' MCs like a pound of bacon | Burnin' 'em if you ain't quick and nimble | I go crazy when I hear a cymbal | And a hi-hat with a souped up tempo | I'm on a roll, it's time to go solo | Rollin' in my 5.0 | With the ragtop down so my hair can blow | The girlies on standby, wavin' just to say hi | ""Did you stop?"" No, I just drove by | Kept on pursuin' to the next stop | I busted a left and I'm headin' to the next block | The block was dead, yo, so I continued to | A1A Beachfront Avenue | Girls were hot wearing less than bikinis | Rockman lovers driving Lamborghinis | Jealous 'cause I'm out getting mine | Shay with a gauge and Vanilla with a 9 | Ready for the chumps on the wall | The chumps acting ill because they're full of eight ball | Gunshots ranged out like a bell | I grabbed my 9, all I heard were shells | Falling on the concrete real fast | Jumped in my car, slammed on the gas | Bumper to bumper, the avenue's packed | I'm trying to get away before the jackers jack | Police on the scene, you know what I mean? | They passed me up, confronted all the dope fiends | If there was a problem, yo, I'll solve it | Check out the hook while my DJ revolves it |  | Ice, ice, baby | Vanilla Ice, ice, baby | Vanilla Ice, ice, baby | Vanilla Ice, ice, baby | Vanilla |  | Take heed 'cause I'm a lyrical poet | Miami's on the scene just in case you didn't know it | My town that created all the bass sound | Enough to shake and kick holes in the ground | 'Cause my style's like a chemical spill | These are rhymes you can vision and feel | Conducted and formed, this is a hell of a concept | We make it hype and you want to step | With this, Shay plays on the fade | Slice like a ninja, cut like a razor blade | So fast, other DJs say, ""Damn!"" | If rhyme was a drug, I'd sell it by the gram | Keep my composure when it's time to get loose | Magnetized by the mic while I kick my juice | If there was a problem yo I'll solve it | Check out the hook while Deshay revolves it |  | Ice, ice, baby | Vanilla Ice, ice, baby | Vanilla Ice, ice, baby | Vanilla Ice ice, baby | Vanilla Ice |  | Yo, man, let's get out of here | Word to your mother | Ice, ice, baby (Too cold) | Ice, ice, baby (Too cold) | Ice, ice, baby (Too cold) | Ice, ice, baby (Too cold, too cold) | Ice, ice, baby (Too cold, too cold) | Ice, ice, baby (Too cold, too cold) | Ice"
1990,Whitney Houston,I'm Your Baby Tonight,1,1990-10-17,"From the moment I saw you | I went outta my mind | Oh, I never believed in love at first sight | But you got a magic, boy | That I just can't explain | Well, you got a, you got a way that you're making me feel | I can do, I can do anything for you, baby | I'll be down for you, baby | Lay all my cards out tonight | Just call on me, baby | I'll be there in a hurry | It's your move, so baby | Baby, decide |  | Whatever you want from me | I'm giving you everything | I'm your baby tonight | You've given me ecstasy | You are my fantasy | I'm your baby tonight |  | From the second you touched me | I was ready to die | I've never been fatal | You're my first time | I feel like an angel | Who just started to fly | Well, you got a, you got a way that you're making me feel | I can feel, I can do anything for you, baby (Woo) | I will fly for you, baby | Hold on and enjoy the ride | I'm not in no hurry | We can fly all night, baby | It's your move, now, baby | Baby, let's fly |  | Whatever you want from me (Me) | I'm giving you everything (Everything) | I'm your baby tonight (I'm your baby) | You've given me ecstasy (Ecstasy) | You are my fantasy (Fantasy) | I'm your baby tonight (I'm your baby) | Whatever you want from me (Whatever) | I'm giving you everything (You want, boy) | I'm your baby tonight (I'll be your baby, I will be your baby) | You've given me ecstasy | You are my fantasy (You are, boy) | I'm your baby tonight (I'm here for you, baby) |  | Whatever I do, boy | It's all about you, baby | And ain't it the truth, boy? | I'm helplessly in love with you | What else can I do, boy | But be there for you, baby? | You got a, you got a way that you're making me feel | I can feel, I can do any, do anything | Oh, yeah | Yeah, baby | You know (Alright) | Alright, you know it, baby | You know, whatever |  | Whatever you want from me (Whatever) | I'm giving you everything (Whatever) | I'm your baby tonight (You know, boy) | You've given me ecstasy (Ecstasy) | You are my fantasy (Fantasy) | I'm your baby tonight (I'm your baby) | Whatever you want from me (Whatever) | I'm giving you everything (Whatever) | I'm your baby tonight (I'm your baby) | You've given me ecstasy (Oh yeah, baby) | You are my fantasy (You know this, boy) | I'm your baby tonight (You know this boy, oh) |  | Looks like I'm fatal, it's all on the table | And baby, you hold the cards | You got the magic and I gotta have it | I don't want the pieces, I want every single part | I'll be your angel, I'm ready and able | Whatever you want is fine | Whenever you're ready, just call on your lady | I'll be your baby tonight, yeah | I'm your baby tonight | I'm your baby tonight |  | Whatever you want from me (Me) | I'm giving you everything (Everything) | I'm your baby tonight (I'm your baby) | You've given me ecstasy (Ecstasy) | You are my fantasy (Fantasy) | I'm your baby tonight (I'm your baby) | Whatever you want from me (Whatever) | I'm giving you everything (You want, boy) | I'm your baby tonight (I'll be your baby, I will be your baby) | You've given me ecstasy | You are my fantasy (You are, boy) | I'm your baby tonight (I'm here for you, baby) |  | Whatever you want from me (Whatever you want, whatever you want) | I'm giving you everything (You want from me, baby) | I'm your baby tonight | You've given me ecstasy (Whatever you want, whatever you want) | You are my fantasy (You want from me, baby) | I'm your baby tonight (You can have it)"
1990,Wilson Phillips,Hold On,1,1990-03-14,"I know this pain | Why do you lock yourself up in these chains? | No one can change your life except for you | Don't ever let anyone step all over you | Just open your heart and your mind, mmm | Is it really fair to feel this way inside? Oh |  | Someday, somebody's gonna make you wanna | Turn around and say goodbye | Until then, baby, are you gonna let them | Hold you down and make you cry? | Don't you know? | Don't you know, things can change? | Things'll go your way | If you hold on for one more day | Can you hold on for one more day? | Things'll go your way | Hold on for one more day |  | You could sustain | Mmm, or are you comfortable with the pain? | You've got no one to blame for your unhappiness (No, baby) | You got yourself into your own mess (Ooh) | Lettin' your worries pass you by (Lettin' your worries pass you by) | Don't you think it's worth your time | To change your mind? No, no |  | Someday, somebody's gonna make you wanna | Turn around and say goodbye | Until then, baby, are you gonna let them | Hold you down and make you cry? | Don't you know? | Don't you know, things can change? | Things'll go your way | If you hold on for one more day | Can you hold on for one more day? | Things'll go your way (Oh, things'll go your way) | Hold on for one more day |  | I know that there is pain, but you | Hold on for one more day and you | Break free from the chains | Yeah, I know that there is pain, but you | Hold on for one more day and you | Break free, break from the chains |  | Someday, somebody's gonna make you wanna | Turn around and say goodbye | Until then, baby, are you gonna let them | Hold you down and make you cry? | Don't you know? | Don't you know (Know), things can change? (Know) | Things'll go your way | If you hold on for one more day, yeah | Hold on | Don't you know, things can change? | Things'll go your way | If you hold on for one more day | If you hold on | Can you hold on? |  | Mmm, can you hold on, baby | Won't you tell me now? | Hold on for one more day 'cause | It's gonna go your way | Don't you know, things can change? | Things'll go your way | If you hold on for one more day, yeah |  | Can't you change it this time? Make up your mind | Hold on, hold on, baby, hold on | Hold on, hold on, baby, hold on | Baby..."
1990,Wilson Phillips,Release Me,1,1990-06-27,"I know that it's time for a change | Mmm but when that change comes | Will it still feel the same? |  | How many times have I tried | To turn this love around? | I don't wanna give up but, baby | It's time I had two feet on the ground |  | Can you release me? | Can you release me? |  | Now that you're gone | I can't help myself from wondering | Ohh, if you'd have come down from your high | Would we've been all right? |  | Release me | Can you release me? |  | Come on, baby, come on, baby | You knew it was time to just let go | 'Cause we wanna be free | But somehow it's just not that easy | Come on, darlin', hear me, darlin' | 'Cause you're a waste of time for me | I'm trying to make you see | That baby, you've just got to release me | Release me, release me |  | I'm not going back to you anymore | Finally my weakened heart is healing | Though very slow | So stop coming around my door | 'Cause you're not gonna find what you're looking for |  | Ohh, come on, baby, come on, baby | You knew it was time to just let go | 'Cause we wanna be free | Somehow it's just not that easy | Oh, oh, oh, baby | Come on darlin', now, hear me darlin' | 'Cause you're a waste of time for me | I'm trying to make you see | That baby, you've just got to release me |  | Now tell me | What is this power you've got on me? | What is this power? Ohh |  | Come on, baby, come on, baby | You knew it was time to just let go | 'Cause we wanna be free | But somehow it's just not that easy | Oh, oh, oh, oh, baby | Come on darlin', now, hear me darlin' | 'Cause you're a waste of time for me | I'm trying to make you see | That baby, you've just got to release me |  | Release me, release me | Release me, will you release me? | Ahh, release me | Release me, will you release me?"
1990,Alias,More Than Words Can Say,2,1990-09-05,Here I am | At six o'clock | In the morning | Still thinking about you | It's still hard | At six o'clock | In the morning | To sleep without you |  | And I know that it might | Seem too late for love | All I know |  | I need you now | More than words can say | I need you now | I've got to find a way | I need you now | Before I lose my mind | I need you now |  | Here I am | I'm looking out | My window | I'm dreaming about you | Can't let you go | At six o'clock | In the morning | I feel you beside me |  | And I know that it might | Seem too late for love | For love | Oh! Oh! Oh! Oh! |  | I need you now | Whoa! Oh! Oh! | More than words can say | I need you now | Whoa! Oh! Oh! | I've got to find a way | I need you now | Before I lose my mind | I need you now | More than words can say | I need you now | Whoa! Oh! Oh! | Oh! I gotta hear you say | I need you now | Before I lose my mind | I need you now |  | I need you now
1990,Bette Midler,From A Distance,2,1990-10-03,"From a distance, the world looks blue and green | And the snow-capped mountains white | From a distance, the ocean meets the stream | And the eagle takes to flight |  | From a distance, there is harmony | And it echoes through the land | It's the voice of hope, it's the voice of peace | It's the voice of every man |  | From a distance, we all have enough | And no one is in need | And there are no guns, no bombs, and no disease | No hungry mouths to feed |  | From a distance, we are instruments | Marching in a common band | Playing songs of hope, playing songs of peace | They are the songs of every man |  | God is watching us, God is watching us | God is watching us from a distance |  | From a distance, you look like my friend | Even though we are at war | From a distance, I just cannot comprehend | What all this fighting is for |  | From a distance, there is harmony | And it echoes through the land | And it's the hope of hopes, it's the love of loves | It's the heart of every man | It's the hope of hopes, it's the love of loves | This is the song of every man |  | And God is watching us, God is watching us | God is watching us from a distance | Oh, God is watching us, God is watching | God is watching us from a distance"
1990,Billy Idol,"Cradle Of Love (From ""Ford Fairlane"")",2,1990-05-02,"Well- ow! | Rock the cradle of love | Rock the cradle of love | Yes, the cradle of love don't rock easily, it's true | Well, rock the cradle of love | I rocked the cradle of love | Yes, the cradle of love don't rock easily, it's true | Well now | It burned like a ball on fire | When the rebel took a little child bride | To tease, yeah, so go easy, yeah | Ow! | 'Cause love cuts a million ways | Shakes the devil when he misbehaves | I ain't nobody's fool | Come on, shake it up | Whatever I do | Rorwar! | Rock the cradle of love (Whoo!) | Rock the cradle of love | Yes, the cradle of love don't rock easily, it's true (Oo, yeah, ow!) | Sent from heaven above, that's right | To rob the cradle of love | Yes, the pages of love don't talk decently, it's true | Yeah-ow! Flesh for your Romeo | Ah yeah, baby | I hear you moan | It's easy, you know how to please me, yeah | Ow! | 'Cause love starts my rollin' train | You can't stop it | It ain't in vain | I ain't nobody's fool | Come on, shake it up | Whatever I do | Ha ha! Whoo! | Oooh, yeah | These are the wages of love | I know, rock the cradle, woo yeah | (All right…) | These are the wages of love | Ooh yeah | Rock the cradle | Yeah yeah yeah yeah yeah yeah, ow! |  | Whoo! | Ow | Psycho, baby | Take a look, baby | Well, it burned like a ball on fire | When the rebel took a little child bride | To tease, yeah, to know how to please you, yeah | Ow! | Well, my love starts a rollin' train | You can't stop it | It ain't in vain | I ain't nobody's fool | Come on, shake it up | Whatever I do o-o-ow! | Rock the cradle of love, yeah | Rock the cradle of love, ooh | Sent from heaven above | That's right | To rock the cradle of love, ow! | Rock the cradle of love | Yeah, cradle of love | That's me, mama | I robbed the devil of love | All right | Cradle of love | Ow! | If you tease me tonight | If you might sleaze me, all right | If you appease me tonight | And let me ease you | Yeah, ow! | Rock the cradle of love | Ooo yeah | Cradle of love | All right | I'll snatch you back from salvation soul, mama | Yeah wow"
1990,Calloway,I Wanna Be Rich,2,1990-02-07,"Imagine | Cash cold, that's what I need | These bill collectors, they ring my phone | They bother me when I'm not at home | Ain't go no time to be fooling round | Feet will touch the floors and I get on down, you see | I want money, lots and lots of money | I want the pie in the sky | I want money, lots and lots of money | So don't be asking me why | I wanna be rich, ohh | I wanna be rich, ohh | I wanna be rich, ohh | I wanna be rich for a little love, peace and happiness | I want my cake, wanna eat it too | I want the stars and the silver moon | I spend my money on lottery | My favorite number is 1 2 3, you see | I want money, lots and lots of money | I want the pie in the sky | I want money, lots and lots of money | So don't be asking me why | I wanna be rich, ohh | I wanna be rich, ohh | I wanna be rich, ohh | I wanna be rich for a little love, peace and happiness | Every way rich | Love peace and happiness | I want all the things that lovers do | A pocketful of dreams come true | These are things you can not find | That'll keep you satisfied and rich | Here is what your gonna do | Say oh I say uh uh | Got to be baby | I just wanna be rich, I just wanna be | Cause baby I want money, lots and lots of money | I want the pie in the sky | I want money, lots and lots of money | So don't be asking me why | I wanna be rich | I wanna be rich | I wanna be rich | I wanna be rich for a little love, peace and happiness | Play baby there is lots and lots for everyone | I wanna be rich"
1990,En Vogue,Hold On,2,1990-05-02,"When I ( | When I | ) had you ( | Had you | ) | I treated you  | bad | Wrong, my dear | But  | since | , since you went  | away | Don't you know I  | hang around | , sit around ( | Sit around | ) | With my  | head hanging down | And I wonder ( | Wonder, wonder | ) | Who's ( | Who's | ) loving you? ( | You | ) |  | Ooh, my first mistake was | I wanted too much time | I had to have him morning, noon, and night | If I would've known then | The things that I know now | I might not have lost the time I complain about |  | Don't waste your time | Fighting blind minded thoughts of despair |  | Hold on to your love | (You got to hold on) | Hold on to your love | (Ooh, hoo, baby, hold on) | Hold on to your love | (Oh, you got to hold on, hey) | Hold on to your love, ooh |  | The art of playing games now | Is not the hearts you break | It's 'bout good love you make when his heart's on fire | Give him love every day | Remember he needs space | Be patient and he'll give his heart to you |  | Don't waste your time | Fighting blind minded thoughts of despair |  | Hold on to your love | (You got to hold on, hey) | Hold on to your love | (You gotta hold on to your love, yeah, hey) | Hold on to your love | (Oh, baby, hold on, oh) | Hold on to your love | (Baby, hold on) |  | Trust, and honesty too | Must be the golden rule | You'll feel the strength of passion in your soul | Burn so deeply within | Oh, the magic that you share | So, sacrifice and show how much you care |  | Don't waste your time | Fighting blind minded thoughts of despair |  | Hold on to your love | (You got to hold on) | Hold on to your love | (Don't let go, keep the ties) | Hold on to your love | (Hang on tight, and don't let go, no) | Hold on to your love, ooh | (Scoo-yabba-dee-ya, yeah, but don't let go) |  | Hold on to your love | Hold on to your love, ooh | Hold on to your love | If you love him, if you need him, really want him | (Hold on to your love, ooh) | Just keep on, just keep on hanging on (Hold on) | Little trust, honesty, golden rule (Hold on) | Feel the strength of passion in your soul | It's burning so deep (Hold on) | Have faith | Just keep the fire burning at home (Hold on) | Hey, yeah | He'll come home to you (Hold on) | He'll be there for you | He'll want to have you all the time (Hold on) | Oh (Hold on) | Have a little faith, don't be so blinded (Hold on) | Fight blind thoughts of despair, oh (Hold on to your love) | Blind thoughts of despair, hey | Don't waste your time (Hold on to your love)"
1990,Heart,All I Wanna Do Is Make Love To You,2,1990-03-28,"It was a rainy night | When he came into sight | Standing by the road | With no umbrella, no coat | So I pulled up along side | And I offered him a ride | He accepted with a smile | So we drove for a while |  | I didn't ask him his name | This lonely boy in the rain | Fate, tell me it's right | Is this love at first sight? | Please don't make it wrong | Just stay for a night |  | All I wanna do is make love to you | Say you will, you want me too | All I wanna do is make love to you | I got loving arms to hold onto |  | So we found this hotel | It was a place I knew well | We made magic that night | Oh, he did everything right | He brought the woman out of me | So many times, easily | And in the morning, when he woke | All I left him was a note |  | I told him I am the flower | You are the seed | We walked in the garden | We planted a tree | Don't try to find me | Please, don't you dare | Just live in my memory | You'll always be there |  | All I wanna do is make love to you | One night of love was all we knew | All I wanna do is make love to you | I got loving arms to hold onto |  | Whoa, oh, we made love | Love like strangers | All night long | We made love |  | Then it happened one day | We came 'round the same way | You can imagine his surprise | When he saw his own eyes | I said, ""Please, please understand | I'm in love with another man | And what he couldn't give me, oh, whoa | Was the one little thing that you can"" |  | All I wanna do is make love to you | One night of love was all we knew | All I wanna do is make love to you | Come on, say you will, you want me too | All I wanna do is make love to you | One night of love was all we knew | All I wanna do is make love to you | Say you will, baby, want me too |  | All night long, all night long (All I wanna do is make love to you) | All night long, all night long (All I wanna do is make love to you) | All I wanna do, all I wanna do (Is make love to you) | All I wanna do, all I wanna do (Is make love to you) | All I wanna do is make love to you | One night of love was all we knew"
1990,Jane Child,Don't Wanna Fall In Love,2,1990-02-07,"Ain't no personal thing, boy | But you have got to stay away | Far, far away from my heart, my heart | Don't you know what your kiss is doing? | Let me tell it to you from the start, boy |  | I don't wanna fall in love (No, no) | Love cuts just like a knife (Woo, woo) | You make the knife feel good (Baby) | I'll fight you to the end (Baby) |  | You've been hanging around, boy | And you have started sinking in | Woo, baby, you're way out of line now | Unaware how this all got started | Let me tell it you one more time, boy |  | I don't wanna fall in love (No, no) | Love cuts just like a knife (Woo, woo) | You make the knife feel good (Baby) | I'll fight you to the end, baby | I don't wanna fall in love (No, no) | Love cuts just like a knife (Woo, woo) | You make the knife feel good (Baby) | I'll fight you to the end |  | I learned something about myself (Last night) | Last night with you, I knew | I didn't want nobody else | And you're scaring me to death now, baby |  | I don't wanna fall in love (No, no) | Love cuts just like a knife (Woo, woo) | You make the knife feel good (Baby) | I'll fight you to the end |  | No |  | I don't wanna fall in love (No, no) | Love cuts just like a knife (Woo, woo) | You make the knife feel good (Baby) | I'll fight you to the end | I don't wanna fall in love (No, no) | Love cuts just like a knife (Woo, woo) | You make the knife feel good (Baby, yeah) | I'll fight you to the end | I don't wanna fall in love (No, no) | Love cuts just like a knife (Woo, woo) | You make the knife feel good (Baby) | I'll fight you to the end | I don't wanna fall in love"
1990,Janet Jackson,Come Back To Me,2,1990-06-27,"Hoo-ooh-hoo-ooh-hoo | Hoo-ooh-ooh-ooh-ooh-ooh | Hoo-ooh-hoo-ooh-hoo | Hoo-ooh-ooh-ooh | Come |  | Looking through my old drawer | Came across the letter you wrote | You said you needed time away | That was so long ago |  | All my life, I've waited | To see your smile again | In my mind, I've hated | Not able to let go |  | Come back to me | I'm beggin' you please | Come back to me | I want you to | Come back to me | I'm beggin' you please | Come back to me |  | Lord knows that I have tried | To live my life as one | Friends tell me to hold on | Tough times don't last for long |  | My abandoned heart | Just doesn't understand | My undying love for you | Won't let me wait |  | Come back to me | I'm beggin' you please | Come back to me | I want you to | Come back to me | I'm beggin' you please | Come back to me | I want you to | (Come back to me) Ooh, come back to me | Come back | I want you to | (Come back to me) I'm beggin' you, baby, won't you please | Come back |  | Please come back to me | I miss you so much | Wherever you are | I love you |  | All my life, I've waited | To see your smile again | In my mind, I've hated | Not able to let go | Not able to let go | Oh, no, I won't let you go | No, oh |  | I don't know what else to say | Da-da-da-da | Oh, no, no, no"
1990,Janet Jackson,Rhythm Nation,2,1990-01-03,"Yeah, yeah, yeah, yeah, yeah, yeah, yeah | Bass, bass, bass, bass | Nasty | Three |  | With music by our side to break the color lines | Let's work together to improve our way of life | Join voices in protest to social injustice | A generation full of courage, come forth with me |  | People of the world today | Are we looking for a better way of life? (Sing!) | We are a part of the rhythm nation (Whoo) | People of the world unite | Strength in numbers, we can get it right, one time | (Sing it up!) | We are a part of the rhythm nation (Yeah, ah) |  | This is the test, no struggle, no progress (Lend) | Lend a hand to help your brother do his best | Things are getting worse, we have to make 'em better | It's time to give a damn, let's work together (Come on now) |  | People of the world today | Are we looking for a better way of life? (Sing!) | We are a part of the rhythm nation (Rhythm) | People of the world unite | Strength in numbers, we can get it right, one time (Sing it up!) | We are a part of the rhythm nation (Everybody) | People of the world today (Rhythm) | Are we looking for a better way of life?  (Rhythm) | We are a part of the rhythm nation (Yeah, yeah, everybody sing it) | People of the world unite (Rhythm) | Strength in numbers, we can get it right, one time (Rhythm) | We are a part of the rhythm nation (Yeah, yeah, yeah, whoo) |  | Bass, bass, bass, bass | Bass, bass, bass, bass, bass, ba-ba-ba-bass | Bass, bass (Five) | Bass, bass | Bass, bass, ba-bass | Bass, bass, nasty |  |  | (Rhythm nation) Sing it, people, say it, children | Sing it if you want a better way of life | (Rhythm nation) Sing it, people, say it, children | Sing it if you want a better way of life |  | Nasty | Nasty | Nasty | Ba-ba-ba-ba-ba-bass | Ba-ba-ba-ba-ba-bass | Yeah, huh, yeah | Nas-nasty, nasty, nas-nasty | Nas-nasty, nasty, nas-nasty |  | Everybody sing it | People of the world today | Are we looking for a better way of life? (Sing!) | We are a part of the rhythm nation | People of the world unite | Strength in numbers, we can get it right, one time (Sing it up) | We are a part of the rhythm nation (Rhythm) | People of the world today (Yeah) | Are we looking for a better way of life? (Sing!) | We are a part of the rhythm nation (Whoo) | People of the world unite | Strength in numbers, we can get it right, one time (Sing it up, now!) | We are a part of the rhythm nation (Rhythm nation, sing it for me) |  | Rhythm nation (Yeah, yeah, sing it, baby) | Rhythm nation (Rhythm nation, sing this for me) | Rhythm nation (Sing it for the fans) | (Rhythm nation, baby) Rhythm nation | Rhythm nation | Rhythm nation | (Sing it for the people) | (Sing it for the children) | (Sing it for the babies) | (Sing it for the people) | Rhythm nation | (Sing it for the children) | (Sing it for the babies) | (Sing it for me, sing it for me, sing it for me now) | Rhythm nation (Yeah, yeah)"
1990,M.C. Hammer,Pray,2,1990-09-26,"That's word, we pray (Pray, pray) | We got to pray just to make it today | I said we pray (Pray) | Oh yeah we pray (Pray) | We got to pray just to make it today | That's word, we pray |  | All my life I wanted to make it to the top | (That's word, we pray) | Some said I wouldn't, they told me no, but I didn't stop | (That's word, we pray) | Working hard, making those moves everyday | (That's word, we pray) | And on my knees, every night you know I pray |  |  | Now I just think that you can do whatever you want | (That's word, we pray) | I'm busting these rhymes making this money and I won't | (That's word, we pray) | Forget my people or my town or my ways | (That's word, we pray) | And on my knees every night I'm still gone pray |  |  | Time and time and time and time and time again | (That's word, we pray) | I kept on knocking, but these people wouldn't let me in | (That's word, we pray) | I tried and tried and tried and tried to make a way | (That's word, we pray) | But nothing happened 'til that day I prayed |  |  | Children dying, oh so fast from this and that | (That's word, we pray) | Need that money, working that dope, smoking that crack | (That's word, we pray) | Ten years old, stand outside, better look out | (That's word, we pray) | Dead and gone, never had a chance, what's it all about? |  | That's word, we pray (Pray, pray) | We need to pray just to make it today | I said we pray (Pray) | Oh yeah we pray (Pray) | We need to pray just to make it today | That's word, we pray | That's word, we pray (3x) |  |  | On a mission start to doubt, here we go | (That's word, we pray) | Kicking back, read these words we need to know | (That's word, we pray) | Living high, living good, living long | (That's word, we pray) | Take a minute, bust a prayer and you good to go |  |  | We're sending this one out to the Lord | And we thank you and we know we need to pray | Cause all the blessings that are good | They come from above | And once again we want to say ""thank you"" to the Lord | With all our love | We outta here | That's word, we pray | That's word, we pray (pray, pray) (4x)"
1990,Madonna,Justify My Love,2,1990-11-14,"Yeah |  | I want to kiss you in Paris | I want to hold your hand in Rome | I want to run naked in a rainstorm | Make love in a train cross-country | You put this in me | So now what? | So now what? |  | Wanting | Needing | Waiting | For you to justify my love | (My love) Hoping | (My love) Praying | For you to justify my love |  | Okay |  | I want to know you | Not like that | I don't want to be your mother | I don't want to be your sister either | I just want to be your lover | I want to have you, baby | Kiss me, that's right, kiss me |  | Wanting | Needing | Waiting | For you to justify my love | (My love) Yearning | (My love) Burning | For you to justify my love |  | What are you gonna do? | What are you gonna do? | Talk to me | Tell me your dreams | Am I in them? | Tell me your fears | Are you scared? | Tell me your stories | I'm not afraid of who you are | We can fly | Poor is the man | Whose pleasures depend | On the permission of another | Love me | That's right, love me | I want to be your baby | Mm, yeah |  | Wanting | Needing | Waiting | For you to justify my love | (My love) I'm open | (My love) And ready | For you to justify my love | (My love) To justify my love | (My love) Wanting | (For you) To justify (To justify my love) | Waiting | (My love) To justify my love | (My love) Praying | (For you) To justify (To justify my love) | To justify my love | I'm open to justify my love (My love) | (My love)"
1990,Roxette,Dangerous,2,1990-01-03,"(Ooh, just a little bit dangerous) |  | You pack your bag, you take control | You're movin' into my heart and into my soul | Get out of my way, get out of my sight | I won't be walking on thin ice to get through the night |  | Hey, where's your work? What's your game? | I know your business, don't know your name |  | Hold on tight, you know she's a little bit dangerous | She's got what it takes to make ends meet | The eyes of a lover that hit like heat | You know she's a little bit dangerous |  | You turn around, so hot and dry | You're hidin' under a halo, your mouth is alive | Get out of my way (Get out of my way) Get out of my sight (Get out of my sight) | I'm not attracted to go-go deeper tonight |  | Hey, what's your word? What's your game? | I know your business, but I don't know your name |  | Hold on tight, you know she's a little bit dangerous | She's got what it takes to make ends meet | The eyes of a lover that hit like heat | You know she's a little bit dangerous | (Ooh, just a little bit dangerous) |  |  |  | Hey, hey, hey, what's your work? What's your game? | I know your business, but I don't know your name |  | Hold on tight, you know she's a little bit dangerous | She's got what it takes to make ends meet | The eyes of a lover that hit like heat | You know she's a little bit dangerous | She's armed, she's extremely dangerous | She's got what it takes to make ends meet | The eyes of a lover that hit like heat | You know she's a little bit dangerous | (Ooh, just a little bit dangerous) |  | Oh, s'agapo | Hey, where's your work? Mmm, what's your game? | I don't know your name | Hey, you (Ooh, just a little bit dangerous) | What's your game? | I don't know your name (Dangerous) | Oh, oh | (Ooh, just a little bit dangerous)"
1990,Seduction,Two To Make It Right,2,1990-01-03,"It takes two, it takes two, me and you | It takes two, it takes two, me and you |  | It takes two to make a thing go right | It takes two to make it out of sight | It takes two to make a thing go right | It takes two to make it out of sight |  | From the start it's plain to see | You're suffering from a serious broken heart | You know that it's a shame | But I'm here to ease your pain | There's no need for you to feel so all alone | And you and I could seriously be | A sure enough happening thing | Don't you know that--- |  | It takes two to make a thing go right | It takes two to make it out of sight | It takes two to make a thing go right | It takes two to make it out of sight |  | I can see it in your eyes | You feel the same way, I feel about you | Some call it chemistry | I call it, you should be with me | 'Cause I know together we can really turn this mother out | In my mind there is no doubt | That one and one equals me and you | Don't you know that--- |  | It takes two to make a thing go right | It takes two to make it out of sight | It takes two to make a thing go right | It takes two to make it out of sight |  | I don't believe in fairy tales | But I believe some things were meant to be | Why should we be alone? | When we could have each others arms to hold | 'Cause I know together we could really turn this mother out | In my mind there is no doubt | That one and one equals me and you | And don't you know that--- |  | It takes two to make a thing go right | It takes two to make it out of sight | It takes two to make a thing go right | It takes two to make it out of sight |  | It takes two, it takes two, me and you | It takes two, it takes two, me and you | It takes two, it takes two, me and you | It takes two, it takes two, me and you | It takes two, it takes two, me and you | It takes two, it takes two, me and you | It takes two, it takes two, me and you | It takes two, it takes two, me and you"
1990,Snap!,The Power,2,1990-05-09,"""Американская фирма Transceptor Technology приступила к производству компьютеров «Персональный спутник»."" |  | I've got the power (Power, power) | Hey, yeah-eah |  | Like the crack of the whip, I Snap! attack | Front to back, in this thing called rap | Dig it like a shovel, rhyme devil on a heavenly level | Bang the bass, turn up the treble | Radical mind, day and night all the time | 7:14, wise, divine | Maniac brainiac, winnin' the game | I'm the lyrical Jesse James |  | Oh-oh-oh-oh, oh-oh-oh, yeah, yeah, yeah-eah | Oh-oh-oh-oh, oh-oh-oh, yeah, getting kinda heavy |  | It's getting, it's getting, it's getting kinda heavy | It's getting, it's getting, it's getting kinda heavy | It's getting, it's getting, it's getting kinda heavy | It's getting, it's getting, it's getting kinda heavy |  | I've got the power (Power, power) | (You could break my heart, you could break my heart apart) | (You could break my heart, you could break my heart apart) | I've got the power (Power, power) | (Oh-oh-oh-oh) | I've got the power (Power, power) | (You could break my heart, you could break my heart apart) | (You could break my heart, you could break my heart apart) | I've got the power (Power, power) | (Oh-oh-oh-oh) |  | It's getting, it's getting, it's getting kinda hectic | It's getting, it's getting, it's getting kinda hectic | It's getting, it's getting, it's getting kinda hectic | It's getting, it's getting, it's getting kinda hectic |  | Quality I possess, some say I'm fresh | When my voice goes through the mesh | Of the microphone that I am holding | Copy written lyrics so they can't be stolen | If they are, Snap! Don't need the police | To try to save them, your voice will cease | So please, stay off my back | Or I will attack, and you don't want that |  | I've got the power (Power, power) | (You could break my heart, you could break my heart apart) | (You could break my heart, you could break my heart apart) | I've got the power (Power, power) | (Oh-oh-oh-oh) | I've got the power (Power, power) | (You could break my heart, you could break my heart apart) | (You could break my heart, you could break my heart apart) | I've got the power (Power, power) | (Oh-oh-oh-oh) |  | Quality I possess, some say I'm fresh | When my voice goes through the mesh | Of the microphone that I am holding | Copy written lyrics so they can't be stolen | If they are, Snap! Don't need the police | To try to save them, your voice will cease | So please, stay off my back | Or I will attack, and you don't want that |  | I've got the power (Power, power) | (You could break my heart, you could break my heart apart) | (You could break my heart, you could break my heart apart) | I've got the power (Power, power) | (Oh-oh-oh-oh) | I've got the power (Power, power) | (You could break my heart, you could break my heart apart) | (You could break my heart, you could break my heart apart) | I've got the power (Power, power) | (Oh-oh-oh-oh) |  | I've got the power (Power, power)"
1990,Technotronic Featuring Felly,Pump Up The Jam,2,1990-01-03,Lyrics Not Found
1990,Bell Biv DeVoe,Do Me!,3,1990-06-27,"Oh, yeah, oh, yeah, oh, yeah, oh, yeah | Oh, yeah, oh, yeah, oh, yeah, oh, yeah |  | Take a look at me | Tell me, do you like what you see? | Do you think you can, do you think you can do me? | Kiss me, pretty baby, touch me all over | Girl, what makes you think you can do me? | Do you think you can do me? Yeah |  | Do me, baby (Oh) | Do me, baby (Do you think you can?) | Do me, baby (Do me) | Do me, baby (Oh, yeah) |  | Girl, let your hair down, take off your clothes and leave on your shoes | Would you mind if I look at you for a moment before I make sweet love? | Backstage, underage, adolescent | ""How you doin'?"" ""Fine,"" she replied | I sighed, I like to do the wild thing | Action took place | Kinda wet | Don't forget | The J the I the M the M the Y, y'all | I need a body bag |  | Do me, baby (Oh) | Do me, baby (You can do me when you wanna do me) | Do me, baby (Yeah, yeah) | Do me, baby (Oh, yeah) | Do me, baby (I like it in the morning time) | Do me, baby (Sometimes I love it in the evening, baby) | Do me, baby (Can you do me all over, girl?) | Do me, baby (Oh, yeah) |  | The time was 6 o'clock on the Swatch watch | No time to chill, got a date | Can't be late | Hey, the girl is gonna do me | Move to the jacuzzi | Ooh, that booty | Smack it up, flip it, rub it down, oh, no |  | Do me, baby (Yeah) | Do me, baby (Oh, I like it just like that, I love it when you do what you do) | Do me, baby (Oh, yeah) | Do me, baby (Oh, move just a little bit closer) |  | You can do me in the morning, you can do me in the night, you can do me when you wanna do me (I love the way you do me when you touch my body, I love it, baby) | You can do me in the morning, you can do me in the night, you can do me when you wanna do me | Oh, come on and sweat me, baby, just a little bit, yeah | That's the way I like it, baby | Come on over here | Let me caress your beautuiful body, kiss you from head to toe, and make you sweat | Yeah, we gon' turn the heat up all the way | You can do me in the morning, you can do me in the night, you can do me when you wanna do me (Ninety-five, baby, that's the way I like to do it) | You can do me in the morning, you can do me in the night, you can do me when you wanna do me (Rub you all over with some hot oil and just watch your body shine) | You can do me in the morning, you can do me in the night, you can do me when you wanna do me (I just wanna, I just wanna lay your beautiful body down by the fire, please, baby, and make love to you all night) | You can do me in the morning, you can do me in the night, you can do me when you wanna do me (Let me caress your beautiful body, kiss you from head to toe, and make you sweat, oh, yeah) | You can do me in the morning, you can do me in the night, you can do me when you wanna do me (Yeah, we gon' turn the heat up all the way, ninety-five, baby, that's the way I like to do it, baby, baby, yeah) | You can do me in the morning, you can do me in the night, you can do me when you wanna do me (That's the way I like to do it, rub you all over with some hot oil and just watch your body shine)"
1990,Bell Biv DeVoe,Poison,3,1990-04-04,"Yeah, Spyderman and Freeze in full effect | Uh-huh | You ready, Ron? | I'm ready | You ready, Biv? | I'm ready, Slick, are you? | Oh, yeah, break it down |  | Girl, I, must (Warn you) | I sense something strange in my mind, yeah, yo | Situation is (Serious) | Let's cure it 'cause we're running out of time | It's oh so (Beautiful) | Relationships, they seem from the start, yeah, mhm | It's all so (Deadly) | When love is not together from the heart, mhm, check it out |  | It's drivin' me out of my mind | That's why it's hard for me to find | Can't get it out of my head | Miss her, kiss her, love her | (Wrong move, you're dead) |  | That girl is (Poison) | Never trust a big butt and smile | That girl is (Poison) |  | If I were you I'd take precaution | Before I step to meet a fly girl, you know? | 'Cause in some (Portions) | You'll think she's the best thing in the world | She's so (Fly) | She'll drive you right out of your mind | Steal your heart when you're blind | Beware, she's schemin', she'll make you think you're dreamin' | You'll fall in love and you'll be screamin' ""demon,"" ooh |  | Poison, deadly, movin' in slow | Lookin' for a mellow fellow like DeVoe | Gettin' paid, laid, so better lay low | Schemin' on house, money and the whole show | The low pro ho, she'll be cut like an afro | See what you're sayin', huh | She's a winner to you, but I know she's a loser | (How do you know?), me and the crew used to do her |  | Poison | Poison | Poison | Poison | Poison |  | I was at the park, shake, breakin', and takin 'em all | And that night, I played the wall | Checkin' out the fellas, the highs and lows | Keepin' one eye open, still clockin' the hoes | There was one particular girl that stood out from the rest | Poison as can be with a high-power chest | Michael Bivins here and I'm runnin' the show | Bell Biv DeVoe (Hahaha) | Now you know | Yo, Slick, blow |  | It's drivin' me out of my mind | That's why it's hard for me to find | Can't get it out of my head | Miss her, kiss her, love her | (Wrong move, you're dead) |  | That girl is (Poison) | (Poison, poison) | Never trust a big butt and smile | (Poison) | (Poison, poison) | She's dangerous | (Poison) Ooh yeah, ooh yeah | (Poison) |  | Yo, fellas, that was another dope one | You know what I'm sayin', Mike? | Yeah, B.B.D. in full effect | Yo, what's up to Ralph T and Johnny G | And I can't forget about my boy B. Brown | And the whole NE crew | Poison"
1990,Johnny Gill,Rub You The Right Way,3,1990-05-09,"Pump up the bass | Hey | Pump up the bass | Pump | Pump up the bass | Pump up the bass | Pump, pump, pump | Pump, pump, pump, pump |  | What you've been missin' in a man | I can supply it, your wish is my command | I'll work hard to fill your needs | Give you lesson on what it is to |  | (Feel) Feel (Good) good, baby | Get undressed and slip on this robe | (Re—) Re— (—lax) —lax, darlin' | Just sit back, prepare to be stroked |  | Can you feel the magic in my hands? | When I touch and rub you the right way | Stroke applied with tenderness | When I hold and rub you the right way |  | A light massage, a soft caress | Whenever I give you a rub, I rub with happiness | Customer satisfaction is a guarantee | So for your pleasure, I'm only here to please you |  | (You) hey | So hold on and don't let go | (Show) Show (You) | I'll show you pleasure like you've never known |  | Can you feel the magic in my hands? | When I touch and rub you the right way | Stroke applied with tenderness | When I hold and rub you the right way | Feel the magic in my hands | When I touch and rub you the right way | Stroke applied with tenderness | When I hold and rub you the right way |  | Pump up the bass | Hey | Pump up the bass | What, what, what, what, what | Hey | Get busy | (Feel, good) | Pump, pump, pump, pump | (Re—) Re—, girl (—lax) —lax, yeah | Oh, oh, oh, oh, oh |  | Can you feel the magic in my hands? | When I touch and rub you the right way | Stroke (Stroke, baby) applied with tenderness | When I hold (Hold up, baby) and rub you the right way | (Rub, baby; rub, baby; rub, baby, rub) | Feel the magic in my hands | When I touch and rub you the right way | Stroke applied with tenderness | When I hold and rub you the right way |  | (Feel) Your every wish is my command | So get undressed, sit back, relax (Touch) | Gonna rub you with my magic hands | Give you what you're missin' in a man (Stroke) | Stroke you with a soft caress | Applied with so much tenderness (Hold) | Hold on tight and don't let go | Give you pleasure like you've never known before |  | Feel the magic in my hands | When I touch and rub you the right way | Stroke applied with tenderness | When I hold and rub you the right way |  | (Feel) Can you feel the magic in my | (Touch) Nothing but satisfaction, baby | (Stroke) Stroke, hey, hey, hey | (Hold) And rub you the right way | (Feel) Do you feel it? Do you feel it? | (Touch) Oh, oh, oh, oh, oh, oh, oh | (Stroke) Oh, ha, ha, ha, ha-ha, hey | Come on, come on, do you | Do you feel it, baby, feel it, baby, feel it, feel it, feel it, feel it, feel it? | Oh, baby | Stroke, baby, oh, oh | Stroke, baby; stroke, baby | (Feel) Feel it, baby, feel it all over now | (Touch) Feel it comin', see, whatever you want, whatever you want | (Feel) I got it, whatever you need | (Touch) I got it, baby, got it, baby, whatever you want | (Stroke) I got it in my hands, whatever you need | (Hold) I'll fulfill your needs, baby, feel it | (Feel) Feel it, feel it, feel it"
1990,Linda Ronstadt (Featuring Aaron Neville),Don't Know Much,3,1990-01-03,"Look at this face | I know the years are showing | Look at this life | I still don't know where it's going |  | I don't know much | But I know I love you | And that may be all I need to know |  | Look at these eyes | They never see what matters | Look at these dreams | So beaten and so battered |  | I don't know much | But I know I love you | And  | that may be all I need to know |  | So many questions still left unanswered | So much I've never broken through | And when I feel you near me, sometimes I see so clearly | The only truth I've ever known is me and you |  | Look at this man | So blessed with inspiration | Look at this soul | Still searching for salvation |  | I don't know much | But I know I love you | And that may be all I need to know |  |  | I don't know much | But I know I love you | And that may be all I need to know |  | I don't know much | But I know I love you | And that may be all there is to know | Whoa, ahh-ahh"
1990,Lisa Stansfield,All Around The World,3,1990-01-31,"I don't know where my baby is | But I'll find him, somewhere, somehow | I've got to let him know how much I care | I'll never give up looking for my baby |  | Been around the world and I, I, I | I can't find my baby | I don't know when, I don't know why | Why he's gone away | And I don't know where he can be, my baby | But I'm gonna find him |  | We had a quarrel and I let myself go | I said so many things, things he didn't know | And I was oh oh so bad | And I don't think he's comin' back, mm mm | He gave the reason, the reasons he should go | And he said things he hadn't said before | And he was oh oh so mad | And I don't think he's comin', comin' back |  | I did too much lyin', wasted too much time | Now I'm here and cryin', I, I, I |  | Been around the world and I, I, I | I can't find my baby | I don't know when, I don't know why | Why he's gone away | And I don't know where he can be, my baby | But I'm gonna find him |  | So open hearted | He never did me wrong | I was the one, the weakest one of all | And now I'm oh oh so sad | And I don't think he's comin' back, comin' back |  | I did too much lyin', wasted too much time | Now I'm here and cryin', I, I, I |  | Been around the world and I, I, I | I can't find my baby | I don't know when, I don't know why | Why he's gone away | And I don't know where he can be, my baby | But I'm gonna find him | Been around the world and I, I, I | I can't find my baby | I don't know when, I don't know why | Why he's gone away | And I don't know where he can be, my baby | But I'm gonna find him | I'm going to find him, my baby |  | I did too much lyin', wasted too much time | Now I'm here and cryin', I, I, I |  | Been around the world and I, I, I | I can't find my baby | I don't know when, I don't know why | Why he's gone away | And I don't know where he can be, my baby | But I'm gonna find him |  | I've been around the world, lookin' for my baby | Been around the world | And I'm gonna, I'm gonna find him |  | Been around the world and I, I, I | I can't find my baby | I don't know when, I don't know why | Why he's gone away | And I don't know where he can be, my baby | But I'm gonna find him"
1990,Michael Bolton,How Can We Be Lovers,3,1990-02-28,"How can we be lovers if we can't be friends? | How can we start over when the fighting never ends, baby? | How can we make love if we can't make amends? | How can we be lovers if we can't be, can't be friends? |  | Look at us now, look at us, baby | Still trying to work it out, never get it right | We must be fools, we must be crazy | Oh, when there's no communication | Oh, it's a no-win situation |  | How can we be lovers if we can't be friends? | How can we start over when the fighting never ends, baby? | How can we make love if we can't make amends? Tell me | How can we be lovers if we can't be, can't be friends? |  | We lie awake, this wall between us | We're just not talking, we've got so much to say | Let's break these chains, our love can free us | Oh, ain't it time we started trying? | Oh, gotta stop this love from dying |  | How can we be lovers if we can't be friends? | How can we start over when the fighting never ends, baby? | How can we make love if we can't make amends? | How can we be lovers if we can't be, can't be friends? |  | (Baby, love is tough but we can take it) Baby | How can we be lovers? | Baby, times are rough but we can make it | We can work it out |  | How can we be lovers if we can't be friends? | How can we start over when the fighting never ends, baby? | How can we make love if we can't make amends? Tell me | How can we be lovers if we can't be, can't be friends? | How can we be lovers if we can't be friends? (How can we be lovers?) | How can we start over when the fighting never ends, baby? (How can we be lovers?) | How can we make love if we can't make amends? | How can we be lovers if we can't be, can't be friends? (How can we be lovers?) | How can we be lovers if we can't be friends? | How can we start over when the fighting never ends, baby? | How can we make love if we can't make amends? | How can we be lovers if we can't be, can't be friends? | How can we be lovers if we can't be friends? | How can we start over when the fighting never ends, baby? | How can we make love if we can't make amends? Tell me | How can we be lovers if we can't be, can't be friends? | How can we be lovers if we can't be friends?"
1990,Phil Collins,I Wish It Would Rain Down,3,1990-01-31,"You know I never meant to see you again | But I only passed by as a friend, yeah | All this time I stayed out of sight | I started wonderin' why |  | Now I, ooh, now I wish it would rain down, down on me | Ooh, yes, I wish it would rain, rain down on me now | Ooh, yes, I wish it would rain down, down on me | Ooh, yes, I wish it would rain on me |  | You said you didn't need me in your life | Oh, I guess you were right, yeah | Ooh, I never meant to cause you no pain | But it looks like I did it again, yeah |  | Now I, now I know I wish it would rain down, down on me | Ooh, yes, I wish it would rain, rain down on me now | Ooh, girl, I wish it would rain down, down on me | Ooh, yes, I wish it would rain on me |  | Though your hurt is gone | Mine's hangin' on inside, and I know | Well, it's eating me through, it's eating me through every night and day | I'm just waitin' on your sign | 'Cause I know, I know, I never meant to cause you no pain | And I realize I let you down, oh, yeah | But I know in my heart of hearts | I know I'm never gonna hold you again, no no |  | Now I, well, now I know I wish it would rain down, down on me | Well, you know I wish it would rain, rain down on me now | Ooh, yes, I wish it would rain down, down on me | Yes, you know I wish it would rain down, rain down over me |  | (Rain, rain) | Just rain down over me | Just let it rain down, let it rain down (Rain, rain) | Let it rain down, oh yeah (Rain) | Well, let it rain down (Rain, rain) | Rain down over me | Just let it rain down, just let it rain down (Rain, rain) | Let it rain down (Rain) | Just let it rain"
1990,Poison,Unskinny Bop,3,1990-07-04,"A-what's got you so jumpy? | Why can't you sit still, yeah? | Like gasoline, you wanna pump me | And leave me when you get your fill, yeah |  | Every time I touch you, you get hot | I wanna make love, you never stop | Come up for air, you pull me to the floor | What's been going on in that head of yours? |  | Unskinny bop | Just blows me away, yeah | Unskinny bop, bop | All night and day, yeah | Unskinny bop, bop, bop, bop | She just loves to play, yeah | Unskinny bop, nothin' more to say |  | You look at me so funny | Love bite got you acting oh so strange | You got too many bees in your honey | Am I just another word in your page, yeah, yeah? |  | Every time I touch you, honey, you get hot | I wanna make love, you never stop | Come up for air, you pull me to the floor | What's been going on in that head of yours? |  | Unskinny bop | Just blows me away, yeah | Unskinny bop, bop | All night and day, yeah | Unskinny bop, bop, bop, bop | She just loves to play, yeah | Unskinny bop, nothin' more to say |  | You're saying my love won't do ya | That ain't love written on your face | Well, honey, I can see right through ya | Well, who's ridin' who at the end of the race? |  |  | What's right? | What's wrong? | What's left? | What the hell is going on? |  | Unskinny bop | Just blows me away, yeah | Unskinny bop, bop | All night and day, yeah | Unskinny bop, bop, bop, bop | She just loves to play, yeah | (Up for air, pulled to the floor) | Unskinny bop | No good, no good, no good, no good | Unskinny bop, bop | All night and day, yeah | Unskinny bop, bop, bop, bop | No good, no good, no good, no good"
